<manifest alg="2" build="10" opt="true" iceEnabled="true" iceMarkupVersion="2" exportTarget="other" resolutions="1x" timestamp="1463303340761">
  <folder name="css">
    <file name="site_global.css" crc="4181534154"/>
    <file name="master_a-master.css" crc="3862164727" ref="index"/>
    <file name="index.css" crc="351333570" ref="index"/>
  </folder>
  <folder name="scripts">
    <file name="jquery-1.8.3.min.js" crc="4164521501" ref="index"/>
    <file name="museutils.js" crc="3777594392" ref="index"/>
    <file name="jquery.scrolleffects.js" crc="117544926" ref="index"/>
    <file name="jquery.watch.js" crc="4144919381" ref="index"/>
  </folder>
  <folder name="images">
    <file name="u272-4.png" crc="264886544" ref="index"/>
    <file name="u274-4.png" crc="3984268443" ref="index"/>
    <file name="u271-4.png" crc="326712760" ref="index"/>
    <file name="u247-4.png" crc="4086864859" ref="index"/>
    <file name="u173-4.png" crc="4041815100" ref="index"/>
    <file name="u175-4.png" crc="400801846" ref="index"/>
    <file name="u177-4.png" crc="401280172" ref="index"/>
    <file name="u179-4.png" crc="3916968430" ref="index"/>
    <file name="u174-4.png" crc="4115726528" ref="index"/>
    <file name="u176-4.png" crc="4087884803" ref="index"/>
    <file name="u265-4.png" crc="70287964" ref="index"/>
    <file name="u267-4.png" crc="251179996" ref="index"/>
    <file name="u269-4.png" crc="403862924" ref="index"/>
    <file name="u270-4.png" crc="3867960037" ref="index"/>
  </folder>
  <file name="index.html" crc="30343852" mt="1415278962146" redirect="true"/>
</manifest>